{
    "providers": [
        {
            "type": "bitmap",
            "file": "minecraft:ranks/member.png",
            "ascent": 8,
            "height": 8,
            "chars": [""]
        },
        {
            "type": "bitmap",
            "file": "minecraft:ranks/vtuber.png",
            "ascent": 8,
            "height": 8,
            "chars": [""]
        },
        {
            "type": "bitmap",
            "file": "minecraft:ranks/moderator.png",
            "ascent": 8,
            "height": 8,
            "chars": [""]
        },
        {
            "type": "bitmap",
            "file": "minecraft:ranks/admin.png",
            "ascent": 8,
            "height": 8,
            "chars": [""]
        },
        {
            "type": "bitmap",
            "file": "minecraft:ranks/nyaplusplus.png",
            "ascent": 8,
            "height": 8,
            "chars": [""]
        }
    ]
}